{
  "i18n/i18n_en.properties": 1759415210108,
  "i18n/i18n_de.properties": 1757324321995,
  "i18n/i18n.properties": 1759415204449,
  "Component.js": 1759742712710,
  "model/mapper.js": 1758709387624,
  "model/formatter.js": 1758624184316,
  "model/API.js": 1759415497158,
  "controller/Main.controller.js": 1759742712710,
  "controller/HrTimesheet.controller.js": 1759742712710,
  "controller/Detail.controller.js": 1759742712710,
  "controller/BaseController.js": 1759742712729,
  "controller/App.controller.js": 1759742712729,
  "manifest.json": 1759745643581,
  "model/models.js": 1758708057721,
  "model/API-dbg.js": 1759415497158,
  "model/API.js.map": 1759745643811,
  "model/mapper-dbg.js": 1758709387624,
  "model/mapper.js.map": 1759745643833,
  "model/formatter-dbg.js": 1758624184316,
  "model/formatter.js.map": 1759745643791,
  "Component-dbg.js": 1759742712710,
  "Component.js.map": 1759745643786,
  "controller/Main-dbg.controller.js": 1759742712710,
  "controller/Main.controller.js.map": 1759745643842,
  "controller/HrTimesheet-dbg.controller.js": 1759742712710,
  "controller/HrTimesheet.controller.js.map": 1759745643818,
  "controller/Detail-dbg.controller.js": 1759742712710,
  "controller/Detail.controller.js.map": 1759745643852,
  "controller/BaseController-dbg.js": 1759742712729,
  "controller/BaseController.js.map": 1759745643829,
  "controller/App-dbg.controller.js": 1759742712729,
  "controller/App.controller.js.map": 1759745643836,
  "model/models-dbg.js": 1758708057721,
  "model/models.js.map": 1759745643899,
  "Component-preload.js": 1759745644165,
  "Component-preload.js.map": 1759745644166,
  "public/images/ansaldo_nucleare_logo.jpg": 1757324322001,
  "view/fragments/viewSettingDialogLog.fragment.xml": 1757345390762,
  "view/fragments/toolbar.fragment.xml": 1757431007379,
  "view/fragments/mainTable.fragment.xml": 1759417208445,
  "view/fragments/footer.fragment.xml": 1757324322003,
  "view/fragments/filterbar.fragment.xml": 1759415883409,
  "view/Main.view.xml": 1759742712729,
  "view/Detail.view.xml": 1759742712729,
  "view/App.view.xml": 1759742712729,
  "css/style.css": 1758626298859,
  "index.html": 1759742712709,
  "index-cdn.html": 1759742712709
}